Season,Round,Circuit,Driver,LapNumber,LapTime_s,Compound,TyreLife,IsPit,Label,anomaly_score,error_Speed,error_Throttle,error_Brake,error_RPM,error_nGear,dominant_channel,elevated_channels,failure_mode
2024,13,Hungarian Grand Prix,NOR,67,85.666,MEDIUM,23,False,normal,0.5407738794941994,0.48706768185156163,0.6163198909568205,0.5521316543934063,0.46401618340552514,0.5018544116504721,Throttle,"['Throttle', 'Brake']",complex_multi_channel
2024,13,Hungarian Grand Prix,ALB,62,87.412,HARD,33,False,normal,0.538433247728429,0.5175919161128958,0.6443675423921514,0.5534763926470814,0.46936944176591217,0.5330926266267336,Throttle,"['Throttle', 'Brake']",complex_multi_channel
2024,13,Hungarian Grand Prix,BOT,49,85.509,HARD,4,False,normal,0.545953246543334,0.5535752274616649,0.5995859417455559,0.5565404697430697,0.49184124062839274,0.5163286752158427,Throttle,"['Speed', 'Throttle', 'Brake']",complex_multi_channel
2024,14,Belgian Grand Prix,SAR,2,112.288,MEDIUM,2,False,normal,0.5400405528038756,0.5519897343739743,0.6011960820074096,0.5277782538957526,0.4836258072133049,0.562090620439854,Throttle,"['Speed', 'Throttle', 'nGear']",complex_multi_channel
2024,15,Dutch Grand Prix,MAG,3,83.466,HARD,3,False,normal,0.5462772708359988,0.5279337992060291,0.6011818653441391,0.5268238174756432,0.5254184438374353,0.568337315313598,Throttle,"['Throttle', 'RPM', 'nGear']",complex_multi_channel
2024,17,Azerbaijan Grand Prix,VER,22,108.679,HARD,10,False,normal,0.5376580022558755,0.5132324813043346,0.516564340726151,0.519255515783477,0.5228123682609921,0.4894362180683506,RPM,['RPM'],engine_anomaly
2024,17,Azerbaijan Grand Prix,VER,24,110.602,HARD,12,False,normal,0.5388999576284451,0.5359800549435308,0.5029311329466757,0.5144260219840344,0.47539035799136226,0.5070929599654499,Speed,['Speed'],traffic_or_off_track
2024,17,Azerbaijan Grand Prix,VER,38,107.282,HARD,26,False,normal,0.5481037298286358,0.49883667271171045,0.49965802873571796,0.6128761105050554,0.49548675833392597,0.4963345370937304,Brake,['Brake'],brake_system
2024,17,Azerbaijan Grand Prix,GAS,2,112.861,HARD,2,False,normal,0.5420462986351525,0.5495247750562341,0.5288870834231241,0.5126898495483909,0.5088819987615671,0.5801160732294459,nGear,"['Speed', 'RPM', 'nGear']",drivetrain_gearbox
2024,17,Azerbaijan Grand Prix,GAS,15,111.674,HARD,15,False,normal,0.5371361902329763,0.5287754895060578,0.5415640587514489,0.516480736312811,0.5031807285060137,0.5520728301721811,nGear,['nGear'],gearbox
2024,17,Azerbaijan Grand Prix,PER,11,108.721,MEDIUM,11,False,normal,0.5435458095489835,0.5071077182347961,0.5115543868444098,0.5752775655474726,0.4719807584626841,0.5183645121828133,Brake,['Brake'],brake_system
2024,17,Azerbaijan Grand Prix,PER,22,108.111,HARD,9,False,normal,0.5369601532146455,0.5238215944068596,0.5418234465061486,0.5295807491985528,0.460124519653341,0.5204015695062411,Throttle,['Throttle'],driver_error_or_ers
2024,17,Azerbaijan Grand Prix,PER,33,108.442,HARD,20,False,normal,0.5459321234672755,0.5400531931581559,0.5132544117861663,0.4969357654855874,0.48164441232122857,0.5214144860566552,Speed,['Speed'],traffic_or_off_track
2024,17,Azerbaijan Grand Prix,PER,37,108.328,HARD,24,False,normal,0.536732818852646,0.5411586296725138,0.5377657677562411,0.5335351489883274,0.4918053120633511,0.5287216107152828,Speed,"['Speed', 'Brake']",brake_failure_decel
2024,17,Azerbaijan Grand Prix,PER,48,108.303,HARD,35,False,pre_failure,0.5382323858077638,0.5483511365613506,0.5191870376505741,0.4988072782796286,0.4877226316223248,0.511073279423409,Speed,['Speed'],traffic_or_off_track
2024,17,Azerbaijan Grand Prix,PER,49,108.45,HARD,36,False,pre_failure,0.5411871023697671,0.5376636547625274,0.5369208435180186,0.5048872394615241,0.4972358233798679,0.541761751862722,nGear,['nGear'],gearbox
2024,17,Azerbaijan Grand Prix,ALO,2,110.081,MEDIUM,3,False,normal,0.5457311539743337,0.5231366134265938,0.5816644016418915,0.5071613379917567,0.4564970703205052,0.5605123560373775,Throttle,"['Throttle', 'nGear']",complex_multi_channel
2024,17,Azerbaijan Grand Prix,ALO,7,109.66,MEDIUM,8,False,normal,0.5445673951288247,0.524327231179028,0.5432592039207007,0.4916595734316181,0.4592694369865394,0.5451919435854754,nGear,['nGear'],gearbox
2024,17,Azerbaijan Grand Prix,ALO,24,108.835,HARD,14,False,normal,0.5408382755990807,0.534118534055292,0.5597313124711727,0.5173040145587484,0.4518029434656136,0.5546047396035285,Throttle,"['Throttle', 'nGear']",complex_multi_channel
2024,17,Azerbaijan Grand Prix,ALO,28,108.635,HARD,18,False,normal,0.5376402180761737,0.5107591676042125,0.5392377210261465,0.4833686823412002,0.45501264341472347,0.5491822317334428,nGear,['nGear'],gearbox
2024,17,Azerbaijan Grand Prix,ALO,29,108.782,HARD,19,False,normal,0.5425601549422874,0.5368439584332955,0.5471212121900947,0.5056516720682679,0.4594339148736248,0.5628010032302098,nGear,['nGear'],gearbox
2024,17,Azerbaijan Grand Prix,ALO,38,108.131,HARD,28,False,normal,0.5381635589370051,0.510868811880455,0.5393176965205999,0.49406198449332794,0.448772418087456,0.5530653103856538,nGear,['nGear'],gearbox
2024,17,Azerbaijan Grand Prix,ALO,40,107.719,HARD,30,False,normal,0.5376895538884294,0.5107374845801222,0.5292321605699906,0.4903564336930654,0.46797273889237423,0.5309317136508725,nGear,['nGear'],gearbox
2024,17,Azerbaijan Grand Prix,ALO,46,107.571,HARD,36,False,normal,0.5467166534427869,0.5345057427995469,0.5527498854925593,0.5257810180850949,0.45509029621798053,0.5854143516137607,nGear,['nGear'],gearbox
2024,17,Azerbaijan Grand Prix,ALO,49,107.152,HARD,39,False,normal,0.5367896949194191,0.5283206224196815,0.518411044799825,0.474384716390519,0.45581337755861373,0.5729485759971562,nGear,['nGear'],gearbox
2024,17,Azerbaijan Grand Prix,LEC,35,107.643,HARD,19,False,normal,0.537317969053019,0.5339524900068253,0.5177213628582548,0.5090414288963534,0.5199360315274214,0.5114950878921241,Speed,['RPM'],engine_anomaly
2024,17,Azerbaijan Grand Prix,STR,5,109.97,HARD,5,False,normal,0.5390400437278277,0.5294360534864835,0.5453946778909161,0.49810129408229453,0.49017007482546365,0.5325435478987255,Throttle,['Throttle'],driver_error_or_ers
2024,17,Azerbaijan Grand Prix,STR,7,109.687,HARD,7,False,normal,0.5408391856900817,0.5232614297932413,0.572358576615412,0.5397387987562972,0.4737881683492038,0.552373787815721,Throttle,"['Throttle', 'Brake', 'nGear']",complex_multi_channel
2024,17,Azerbaijan Grand Prix,STR,17,110.709,HARD,17,False,normal,0.5369825742278881,0.5066594707775682,0.5527736357912632,0.47959031790948664,0.49003780519996204,0.5199660703673669,Throttle,['Throttle'],driver_error_or_ers
2024,17,Azerbaijan Grand Prix,STR,20,110.293,HARD,20,False,normal,0.5371082925281534,0.5180840943394361,0.5591284035544494,0.5109519645120116,0.4908676755769891,0.5354211194747199,Throttle,['Throttle'],driver_error_or_ers
2024,17,Azerbaijan Grand Prix,STR,21,110.509,HARD,21,False,normal,0.5577080764567162,0.5511746543541174,0.5609483379337146,0.5033188640291502,0.4908035609936032,0.552172878210032,Throttle,"['Speed', 'Throttle', 'nGear']",complex_multi_channel
2024,17,Azerbaijan Grand Prix,STR,24,109.018,HARD,3,False,normal,0.5371586508424,0.534383838650643,0.5586005929887986,0.5014093460137341,0.47500005635959597,0.5538735796165972,Throttle,"['Throttle', 'nGear']",complex_multi_channel
2024,17,Azerbaijan Grand Prix,STR,31,108.148,HARD,10,False,normal,0.5513087284627517,0.522878584080697,0.5499282017436602,0.544837848404702,0.48958398308212614,0.5399680762566,Throttle,['Brake'],brake_system
2024,17,Azerbaijan Grand Prix,STR,32,108.849,HARD,11,False,normal,0.5555022698958776,0.5474041474465535,0.5720001497839383,0.52767311506868,0.496173097199042,0.5661694636764074,Throttle,"['Speed', 'Throttle', 'nGear']",complex_multi_channel
2024,17,Azerbaijan Grand Prix,STR,44,108.745,HARD,23,False,pre_failure,0.5380050260817554,0.51570747771144,0.5351872567852624,0.4673388739784621,0.4841616964677531,0.5115620284581472,Throttle,['Throttle'],driver_error_or_ers
2024,17,Azerbaijan Grand Prix,TSU,3,113.328,MEDIUM,4,False,normal,0.5391651640972555,0.532586917111561,0.5358014480178596,0.49218958921213624,0.4872627701733099,0.5673230280349885,nGear,['nGear'],gearbox
2024,17,Azerbaijan Grand Prix,TSU,5,113.121,MEDIUM,6,False,normal,0.5455214408404445,0.5592739768082255,0.5526221655890166,0.5488269781642003,0.4764243467859371,0.6000699938158736,nGear,"['Speed', 'Brake', 'nGear']",complex_multi_channel
2024,17,Azerbaijan Grand Prix,ALB,5,109.78,HARD,5,False,normal,0.5488042196326481,0.5298303244521577,0.5513479373554518,0.5914141268519023,0.5075038943684491,0.5173184181242974,Brake,"['Brake', 'RPM']",complex_multi_channel
2024,17,Azerbaijan Grand Prix,ALB,7,109.533,HARD,7,False,normal,0.5470338311330442,0.5286952349906726,0.5270273398302375,0.5805693271979262,0.4710847212757673,0.5257475412893743,Brake,['Brake'],brake_system
2024,17,Azerbaijan Grand Prix,ALB,11,109.199,HARD,11,False,normal,0.5392988059370163,0.5232023660225416,0.5200567727028637,0.557361010442761,0.4715646876933107,0.5110272758607964,Brake,['Brake'],brake_system
2024,17,Azerbaijan Grand Prix,ALB,37,108.394,MEDIUM,6,False,normal,0.5443362883397088,0.5358172974008286,0.5306980800970982,0.5079705093769272,0.500414525143523,0.5143203923583004,Speed,['Speed'],traffic_or_off_track
2024,17,Azerbaijan Grand Prix,ALB,38,108.124,MEDIUM,7,False,normal,0.5370012208383877,0.5308691062139989,0.5329711174241223,0.5087437350652371,0.508399242977637,0.5332685451391748,nGear,['RPM'],engine_anomaly
2024,17,Azerbaijan Grand Prix,ALB,46,107.586,MEDIUM,15,False,normal,0.542685734703071,0.5349848177897114,0.5351119114711139,0.510911966483406,0.48757182685700434,0.5225333604413316,Throttle,['Throttle'],driver_error_or_ers
2024,17,Azerbaijan Grand Prix,ZHO,2,113.999,HARD,3,False,normal,0.5435714013370827,0.5417644634908968,0.5403003996899856,0.5315320889697236,0.5165231345268264,0.5360037248583502,Speed,"['Speed', 'RPM']",drivetrain
2024,17,Azerbaijan Grand Prix,ZHO,3,112.11,HARD,4,False,normal,0.539381545237356,0.553252248569874,0.5477268999413017,0.5584024599157699,0.5055351590825554,0.5136348217447169,Brake,"['Speed', 'Brake']",brake_failure_decel
2024,17,Azerbaijan Grand Prix,ZHO,5,113.333,HARD,6,False,normal,0.5471393802915672,0.5577836244835067,0.5728786324225517,0.5682648905157475,0.5121903898943473,0.5675480345174957,Throttle,"['Speed', 'Throttle', 'Brake', 'RPM', 'nGear']",complex_multi_channel
2024,17,Azerbaijan Grand Prix,ZHO,7,111.105,HARD,8,False,normal,0.538148111672729,0.5499435644782762,0.5527536590220101,0.5424027347734263,0.5154816784004225,0.5148963050686255,Throttle,"['Speed', 'Brake', 'RPM']",complex_multi_channel
2024,17,Azerbaijan Grand Prix,HUL,2,112.034,MEDIUM,2,False,normal,0.5422378228191777,0.5354390134321008,0.5360556275072048,0.4997719188867366,0.5313912448091018,0.5190496734294051,Throttle,['RPM'],engine_anomaly
2024,17,Azerbaijan Grand Prix,HUL,9,109.819,MEDIUM,9,False,normal,0.541971833851953,0.5417230500562662,0.5446798583478275,0.5228255940789218,0.5253402418643542,0.5231098527980147,Throttle,"['Speed', 'RPM']",drivetrain
2024,17,Azerbaijan Grand Prix,HUL,38,109.638,HARD,23,False,normal,0.5392196546885262,0.5448957091856285,0.5568599069274469,0.48968448794863667,0.49299236842785726,0.536650148067899,Throttle,['Speed'],traffic_or_off_track
2024,17,Azerbaijan Grand Prix,HUL,39,108.637,HARD,24,False,normal,0.5411536479227411,0.5291932559175858,0.5347383322823005,0.4957735178246996,0.5163114042314686,0.5230488918004891,Throttle,['RPM'],engine_anomaly
2024,17,Azerbaijan Grand Prix,HUL,44,107.934,HARD,29,False,normal,0.5369649548053516,0.5221051703009825,0.4969156674283296,0.5167413078889518,0.48980641586549906,0.508261370834495,Speed,['Speed'],traffic_or_off_track
2024,17,Azerbaijan Grand Prix,RIC,2,112.896,HARD,3,False,normal,0.5402356078016752,0.5279517817080387,0.5219916376620446,0.5273757190302031,0.4969944134245663,0.5501827984834062,nGear,['nGear'],gearbox
2024,17,Azerbaijan Grand Prix,RIC,3,111.71,HARD,4,False,normal,0.5387152220743467,0.5399734840126035,0.5443824850321468,0.5249245677439227,0.4689184089864726,0.5845917728516683,nGear,"['Speed', 'nGear']",complex_multi_channel
2024,17,Azerbaijan Grand Prix,RIC,4,109.436,HARD,5,False,normal,0.5428477007711318,0.5278568369146559,0.5406067294920169,0.5344425863052165,0.46585471946862317,0.5354806002961419,Throttle,['Brake'],brake_system
2024,17,Azerbaijan Grand Prix,RIC,5,109.69,HARD,6,False,normal,0.538883840100089,0.5366655937497002,0.5508734673315956,0.5399648104550605,0.45902720719923507,0.5468458420524459,Throttle,"['Brake', 'nGear']",complex_multi_channel
2024,17,Azerbaijan Grand Prix,RIC,15,113.237,HARD,16,False,normal,0.5441786475236663,0.5356690504226074,0.5316502027414649,0.5447343431593122,0.5074442522173912,0.5748391748981481,nGear,"['Brake', 'RPM', 'nGear']",complex_multi_channel
2024,17,Azerbaijan Grand Prix,RIC,35,108.869,HARD,36,False,normal,0.5408515635251395,0.5354600334728953,0.5359918243775219,0.6001496210993825,0.4574500302825342,0.5268466258559488,Brake,['Brake'],brake_system
2024,17,Azerbaijan Grand Prix,OCO,2,113.518,HARD,5,False,normal,0.547037692839891,0.5460649012539897,0.513940520093881,0.5411616522949126,0.48702141337728455,0.508415630949589,Speed,"['Speed', 'Brake']",brake_failure_decel
2024,17,Azerbaijan Grand Prix,OCO,3,112.028,HARD,6,False,normal,0.5427147274582207,0.5459511936196241,0.5414490860073787,0.5672464264877477,0.5087424559362298,0.5149911230178658,Brake,"['Speed', 'Brake', 'RPM']",complex_multi_channel
2024,17,Azerbaijan Grand Prix,OCO,5,113.318,HARD,8,False,normal,0.5570263035087456,0.567990547481707,0.5521875609800603,0.5570460521885283,0.5216803883601554,0.561496517903617,Speed,"['Speed', 'Brake', 'RPM', 'nGear']",complex_multi_channel
2024,17,Azerbaijan Grand Prix,OCO,6,111.59,HARD,9,False,normal,0.5415731310613164,0.5233369561875024,0.5159306566842379,0.5330077148539684,0.47079387975958115,0.5147128524494367,Brake,['Brake'],brake_system
2024,17,Azerbaijan Grand Prix,OCO,7,111.006,HARD,10,False,normal,0.5411288180218733,0.5550222722540059,0.5370971142763279,0.5368783748280241,0.48982236183321304,0.5224948714859041,Speed,"['Speed', 'Brake']",brake_failure_decel
2024,17,Azerbaijan Grand Prix,OCO,36,115.839,HARD,39,False,normal,0.5506152548872401,0.5364179399364358,0.5855283599909819,0.5625452732195624,0.5795755804870338,0.5521566739372588,Throttle,"['Throttle', 'Brake', 'RPM', 'nGear']",complex_multi_channel
2024,17,Azerbaijan Grand Prix,OCO,48,111.775,HARD,51,False,normal,0.5378127809938427,0.5466941408372196,0.5409944619324447,0.5272958721606082,0.5129459360418136,0.5193781705747283,Speed,"['Speed', 'RPM']",drivetrain
2024,17,Azerbaijan Grand Prix,NOR,7,109.104,HARD,7,False,normal,0.5373605167078662,0.554005293109385,0.5580104011669549,0.49476436782174954,0.4794621839216907,0.5394226181547771,Throttle,"['Speed', 'Throttle']",complex_multi_channel
2024,17,Azerbaijan Grand Prix,NOR,19,109.082,HARD,19,False,normal,0.5380196217237221,0.5396216482826183,0.5370619461460139,0.5037552234992503,0.489852022882344,0.5131464195778398,Speed,['Speed'],traffic_or_off_track
2024,17,Azerbaijan Grand Prix,COL,5,110.137,MEDIUM,5,False,normal,0.5428096149134756,0.5333983640830267,0.5557100721696372,0.5424209254033807,0.505050408438994,0.5098831505453502,Throttle,['Brake'],brake_system
2024,17,Azerbaijan Grand Prix,COL,9,109.403,MEDIUM,9,False,normal,0.5374302057782177,0.5302463206149456,0.5686314550832223,0.5007263291810168,0.5049126376612086,0.5288374276964182,Throttle,['Throttle'],driver_error_or_ers
2024,17,Azerbaijan Grand Prix,COL,20,109.028,HARD,10,False,normal,0.5387654574503817,0.5383933067534634,0.5540792819452223,0.5315257907961849,0.4909208686968789,0.5444403598904326,Throttle,['Speed'],traffic_or_off_track
2024,17,Azerbaijan Grand Prix,COL,36,110.858,HARD,26,False,normal,0.5489611802988753,0.5434947032575788,0.5584043175630032,0.5224956700339135,0.5119391217541213,0.5251496004790116,Throttle,"['Speed', 'Throttle', 'RPM']",power_unit
2024,17,Azerbaijan Grand Prix,COL,37,110.229,HARD,27,False,normal,0.541424170192496,0.5139024362886699,0.5322617914516636,0.5031376992031092,0.5142758524868324,0.5044288739789387,Throttle,['RPM'],engine_anomaly
2024,17,Azerbaijan Grand Prix,COL,38,109.52,HARD,28,False,normal,0.5424484501060396,0.5188524609533649,0.5315021040571457,0.4965701115597668,0.513282813513384,0.5089260650250346,Throttle,['RPM'],engine_anomaly
2024,17,Azerbaijan Grand Prix,COL,39,109.034,HARD,29,False,normal,0.539445878002719,0.5224524696942243,0.5226853626869146,0.502955304607597,0.49826753259976325,0.5216454915785685,Throttle,['Throttle'],driver_error_or_ers
2024,17,Azerbaijan Grand Prix,COL,40,108.416,HARD,30,False,normal,0.536697900364957,0.5362094409704775,0.5050263775828442,0.49071160262171637,0.4682829702437227,0.5218550964036436,Speed,['Speed'],traffic_or_off_track
2024,17,Azerbaijan Grand Prix,COL,46,107.5,HARD,36,False,normal,0.5477951289574371,0.5373342431908017,0.5457303580862874,0.5393861912739589,0.48559224946773577,0.5310472052112709,Throttle,['Brake'],brake_system
2024,17,Azerbaijan Grand Prix,HAM,2,112.922,MEDIUM,2,False,normal,0.5569348776256337,0.5463404661409358,0.538676491639149,0.5081686979946474,0.5459842474286862,0.5368941405448424,Speed,"['Speed', 'RPM']",drivetrain
2024,17,Azerbaijan Grand Prix,HAM,3,110.97,MEDIUM,3,False,normal,0.5381959112257865,0.5511998277689073,0.5340234401404066,0.5277914831720869,0.5124072491701085,0.4969372772063245,Speed,"['Speed', 'RPM']",drivetrain
2024,17,Azerbaijan Grand Prix,HAM,4,110.351,MEDIUM,4,False,normal,0.5384765161491701,0.5360741272258185,0.5132139948116967,0.509786559117723,0.5149307939693266,0.5201992751532668,Speed,['RPM'],engine_anomaly
2024,17,Azerbaijan Grand Prix,HAM,5,110.358,MEDIUM,5,False,normal,0.5389470960652859,0.5228839493918631,0.5165570928200015,0.5107493935888567,0.49569977428631556,0.5233794015762657,nGear,['nGear'],gearbox
2024,17,Azerbaijan Grand Prix,HAM,8,109.59,MEDIUM,8,False,normal,0.541351455712657,0.5284417365913375,0.5074735857693564,0.5265689683483687,0.5083777068187286,0.5037767948649146,Speed,['RPM'],engine_anomaly
2024,17,Azerbaijan Grand Prix,HAM,15,108.754,HARD,3,False,normal,0.544279395929643,0.5354835332795361,0.5112079681369746,0.4983683511013,0.5201225362042476,0.5147034755198933,Speed,['RPM'],engine_anomaly
2024,17,Azerbaijan Grand Prix,HAM,16,108.527,HARD,4,False,normal,0.5436469720977744,0.543972989636585,0.49074565923936214,0.48560829231976926,0.5237447467219072,0.5209039460326635,Speed,"['Speed', 'RPM']",drivetrain
2024,17,Azerbaijan Grand Prix,HAM,17,109.487,HARD,5,False,normal,0.5421647898597723,0.5370361304228172,0.5009394477715229,0.5240088857985343,0.5276226124923514,0.5129004450674303,Speed,['RPM'],engine_anomaly
2024,17,Azerbaijan Grand Prix,HAM,19,108.563,HARD,7,False,normal,0.5375366111364792,0.5386431699545373,0.5151797677405184,0.49586354019609663,0.5358297584975933,0.5174874316835595,Speed,"['Speed', 'RPM']",drivetrain
2024,17,Azerbaijan Grand Prix,HAM,21,109.616,HARD,9,False,normal,0.543835119190843,0.5228683190506245,0.5074993752089918,0.5282515972397884,0.5083002682192106,0.5226820283760129,Brake,['RPM'],engine_anomaly
2024,17,Azerbaijan Grand Prix,HAM,22,110.666,HARD,10,False,normal,0.5439115982459005,0.5448405899305652,0.5201359789417235,0.5050556169362459,0.5253417855599694,0.5181976605532195,Speed,"['Speed', 'RPM']",drivetrain
2024,17,Azerbaijan Grand Prix,HAM,26,107.828,HARD,14,False,normal,0.5378961548058901,0.5188411234517285,0.49910561433310563,0.5088854964266086,0.5268461421647364,0.5154658574623966,RPM,['RPM'],engine_anomaly
2024,17,Azerbaijan Grand Prix,HAM,34,109.101,HARD,22,False,normal,0.5368240061363319,0.5220919257160085,0.5078283027984631,0.5126019192332202,0.48070176884390015,0.5033141830129674,Speed,['Speed'],traffic_or_off_track
2024,17,Azerbaijan Grand Prix,HAM,35,107.998,HARD,23,False,normal,0.5398525609119863,0.5457836066408248,0.5407021979704176,0.5291751982610959,0.5219427687752327,0.5082082386791523,Speed,"['Speed', 'RPM']",drivetrain
2024,17,Azerbaijan Grand Prix,HAM,36,108.903,HARD,24,False,normal,0.5441033120702918,0.541548239352281,0.5092865851896307,0.5277374659920652,0.536439508893014,0.5110532650882583,Speed,"['Speed', 'RPM']",drivetrain
2024,17,Azerbaijan Grand Prix,HAM,37,110.671,HARD,25,False,normal,0.5652470906819155,0.5549800979485592,0.5382692015088669,0.5301163449873384,0.5309465636197007,0.5134912390167199,Speed,"['Speed', 'RPM']",drivetrain
2024,17,Azerbaijan Grand Prix,HAM,38,109.22,HARD,26,False,normal,0.5519637229087546,0.5589719150506313,0.5459210393413061,0.5403969719279043,0.524571784182381,0.5210581531569684,Speed,"['Speed', 'Brake', 'RPM']",complex_multi_channel
2024,17,Azerbaijan Grand Prix,HAM,39,109.264,HARD,27,False,normal,0.5494382015737216,0.5485778494337419,0.5489395888379208,0.5534647058969842,0.5187163172017845,0.5367953748333367,Brake,"['Speed', 'Brake', 'RPM']",complex_multi_channel
2024,17,Azerbaijan Grand Prix,HAM,40,108.576,HARD,28,False,normal,0.5381305690438106,0.5332191959396991,0.50086898157874,0.49656046792941483,0.508190920313306,0.5100912045443252,Speed,['RPM'],engine_anomaly
2024,17,Azerbaijan Grand Prix,HAM,42,107.3,HARD,30,False,normal,0.5438047433368934,0.5503096017047283,0.5209017126371953,0.4967774009976831,0.533382124958296,0.515912462400292,Speed,"['Speed', 'RPM']",drivetrain
2024,17,Azerbaijan Grand Prix,HAM,43,107.679,HARD,31,False,normal,0.5490941276903124,0.5436807933465242,0.5214411036795644,0.5225032230683743,0.5232875156177696,0.5178018951318294,Speed,"['Speed', 'RPM']",drivetrain
2024,17,Azerbaijan Grand Prix,HAM,44,108.135,HARD,32,False,normal,0.5384442195619581,0.531726813751749,0.49946164417249683,0.5108675517298328,0.5150702613662592,0.5138666403341271,Speed,['RPM'],engine_anomaly
2024,17,Azerbaijan Grand Prix,HAM,45,107.629,HARD,33,False,normal,0.5490441092457653,0.5189594762098777,0.5215644304560764,0.48952334500403394,0.5234269397879485,0.533344724431063,nGear,['RPM'],engine_anomaly
2024,17,Azerbaijan Grand Prix,HAM,46,107.667,HARD,34,False,normal,0.5379695310925638,0.5385072930918487,0.5600269711386997,0.5027604074940996,0.5264472740305574,0.5395722896534253,Throttle,"['Speed', 'Throttle', 'RPM']",power_unit
2024,17,Azerbaijan Grand Prix,BEA,4,110.282,MEDIUM,4,False,normal,0.5369976870360776,0.5236300942280367,0.5276409701867941,0.5162990014200568,0.4713612111773466,0.5092136666142931,Throttle,['Throttle'],driver_error_or_ers
2024,17,Azerbaijan Grand Prix,BEA,35,108.655,HARD,21,False,normal,0.5388127211587551,0.5392262235083419,0.5186946375335459,0.5199348839495297,0.4818703332483296,0.5267405410149991,Speed,['Speed'],traffic_or_off_track
2024,17,Azerbaijan Grand Prix,BEA,37,110.561,HARD,23,False,normal,0.5480772448436902,0.548823519433846,0.5460753283556241,0.5281183412603059,0.5260094070988136,0.5365041245758428,Speed,"['Speed', 'RPM']",drivetrain
2024,17,Azerbaijan Grand Prix,BEA,38,109.56,HARD,24,False,normal,0.5495660955867364,0.5444471083888377,0.5281990977381469,0.5037106704033975,0.5158667220537524,0.5196031349639751,Speed,"['Speed', 'RPM']",drivetrain
2024,17,Azerbaijan Grand Prix,BEA,39,108.85,HARD,25,False,normal,0.5374729653194485,0.546843522173718,0.5391448927562971,0.5140536998783026,0.5217444014439455,0.5237774468143754,Speed,"['Speed', 'RPM']",drivetrain
2024,17,Azerbaijan Grand Prix,BEA,42,107.883,HARD,28,False,normal,0.5379584627055158,0.5168213278162376,0.5045795566497043,0.47863221413982304,0.48376866513004596,0.522732797904744,nGear,['nGear'],gearbox
2024,17,Azerbaijan Grand Prix,BEA,46,107.281,HARD,32,False,normal,0.5385857271556589,0.5272556609344171,0.523694193974879,0.5051572679833425,0.47948857138464074,0.5170583281689065,Speed,['Speed'],traffic_or_off_track
2024,17,Azerbaijan Grand Prix,SAI,22,108.582,HARD,5,False,normal,0.5472199894834872,0.5244339036261517,0.5249637110632894,0.5239920324410162,0.5323165719352846,0.5267953121912218,RPM,['RPM'],engine_anomaly
2024,17,Azerbaijan Grand Prix,SAI,47,106.934,HARD,30,False,pre_failure,0.5415479035860814,0.5479775270373157,0.5321523182207785,0.5045304989866746,0.5207407452592796,0.5367089472863454,Speed,"['Speed', 'RPM']",drivetrain
2024,17,Azerbaijan Grand Prix,SAI,49,108.443,HARD,32,False,pre_failure,0.542943348854421,0.5336974910550322,0.5236192923129667,0.5193425072583734,0.5107770482391335,0.5350067444513474,nGear,['RPM'],engine_anomaly
2024,17,Azerbaijan Grand Prix,RUS,14,109.818,HARD,2,False,normal,0.5369827247721924,0.5260178566774912,0.5079254366847924,0.5145854671539032,0.49224285694968734,0.5224475264356172,Speed,['Speed'],traffic_or_off_track
2024,17,Azerbaijan Grand Prix,RUS,33,107.706,HARD,21,False,normal,0.5382144748626425,0.5473561239464433,0.5266033931646782,0.49591230344793796,0.5252270437311106,0.5303385257090698,Speed,"['Speed', 'RPM']",drivetrain
2024,17,Azerbaijan Grand Prix,RUS,48,107.016,HARD,36,False,normal,0.5377733679379497,0.5424379353349137,0.5273546266072011,0.4896831831798069,0.4731982764106781,0.5459295783808138,nGear,['Speed'],traffic_or_off_track
2024,17,Azerbaijan Grand Prix,BOT,2,114.291,MEDIUM,3,False,normal,0.5561373356431312,0.5435888782767851,0.5389884644844968,0.532078350317332,0.5449137470126553,0.5270349547035335,RPM,"['Speed', 'Brake', 'RPM']",complex_multi_channel
2024,17,Azerbaijan Grand Prix,BOT,3,112.71,MEDIUM,4,False,normal,0.5400446216564371,0.5322600889545893,0.5527296709590918,0.5498168174578403,0.5342702110798784,0.5043627412410708,Throttle,"['Brake', 'RPM']",complex_multi_channel
2024,17,Azerbaijan Grand Prix,BOT,5,113.313,MEDIUM,6,False,normal,0.5597767916428562,0.5601410085364429,0.5574542596758131,0.56708839490271,0.52855023171375,0.5374660064364382,Brake,"['Speed', 'Brake', 'RPM']",complex_multi_channel
2024,17,Azerbaijan Grand Prix,BOT,7,111.374,MEDIUM,8,False,normal,0.5382088852402015,0.5376441082283486,0.5422502054266244,0.5315537983102656,0.5131676412083686,0.5007008552524451,Throttle,['RPM'],engine_anomaly
2024,17,Azerbaijan Grand Prix,BOT,32,109.281,HARD,22,False,normal,0.5400933997309993,0.513956198414082,0.5057388002523393,0.4995851287025262,0.5211637726846259,0.5048700369740577,RPM,['RPM'],engine_anomaly
2024,17,Azerbaijan Grand Prix,BOT,34,109.598,HARD,24,False,normal,0.5367397373714238,0.5269897718273094,0.5244785040085735,0.48838712603275203,0.5174530666240943,0.519459800403828,Speed,['RPM'],engine_anomaly
2024,18,Singapore Grand Prix,RUS,39,97.369,HARD,12,False,normal,0.5404554043318749,0.5172754407563981,0.5521934726245263,0.6251589659553233,0.4865023986158364,0.5080605765625695,Brake,['Brake'],brake_system
2024,18,Singapore Grand Prix,COL,37,99.435,HARD,8,False,normal,0.5459403812434919,0.5352638802971494,0.5811981138737802,0.5939708842267469,0.5275055343501024,0.5100516402881792,Brake,"['Throttle', 'Brake', 'RPM']",complex_multi_channel
2024,19,United States Grand Prix,VER,52,100.819,HARD,27,False,normal,0.5391885287533251,0.553184881647256,0.5801954045440856,0.5853911515335758,0.5018628325104333,0.5625742275904065,Brake,"['Speed', 'Throttle', 'Brake', 'nGear']",complex_multi_channel
2024,19,United States Grand Prix,STR,6,107.096,HARD,7,False,normal,0.5425323641380243,0.5706917462117149,0.5958044832626023,0.5447200464825486,0.5136035954564211,0.5552016180971472,Throttle,"['Speed', 'Throttle', 'Brake', 'RPM', 'nGear']",complex_multi_channel
2024,19,United States Grand Prix,TSU,41,112.718,HARD,23,False,normal,0.5614048642435158,0.586190851625555,0.6392289989466949,0.5415156969483157,0.5585774500974873,0.6201402020165557,Throttle,"['Speed', 'Throttle', 'Brake', 'RPM', 'nGear']",complex_multi_channel
2024,19,United States Grand Prix,ZHO,10,110.686,MEDIUM,10,False,normal,0.5532285472722314,0.5655412032551699,0.5925405398944817,0.5394294883128564,0.5427112836318884,0.5770108832121519,Throttle,"['Speed', 'Throttle', 'Brake', 'RPM', 'nGear']",complex_multi_channel
2024,19,United States Grand Prix,BOT,46,103.225,HARD,31,False,normal,0.5372042744162088,0.5703875666807933,0.5772254283252369,0.5513488767276223,0.5407809791105028,0.5151091560897285,Throttle,"['Speed', 'Throttle', 'Brake', 'RPM']",complex_multi_channel
2024,20,Mexico City Grand Prix,HAM,16,82.65,MEDIUM,16,False,normal,0.539208831417043,0.49810340135380127,0.545421618675688,0.5192813723882831,0.4967524526095814,0.5069284644476512,Throttle,['Throttle'],driver_error_or_ers
2024,20,Mexico City Grand Prix,HAM,58,81.281,HARD,30,False,normal,0.5462931244962426,0.5125093753898642,0.5483591602257352,0.5588516962639926,0.5585773209261342,0.5055009581924965,Brake,"['Brake', 'RPM']",complex_multi_channel
2024,20,Mexico City Grand Prix,RUS,30,82.698,MEDIUM,30,False,normal,0.5391876601955267,0.4896124944111058,0.5523006032535701,0.49791542285450785,0.4779644064115294,0.5095643242632844,Throttle,['Throttle'],driver_error_or_ers
2024,20,Mexico City Grand Prix,MAG,40,81.414,HARD,10,False,normal,0.5371838031661347,0.5060407708328728,0.576972980116999,0.5406465811850528,0.5071787037640826,0.49177287981403955,Throttle,"['Throttle', 'Brake', 'RPM']",complex_multi_channel
2024,20,Mexico City Grand Prix,MAG,55,81.144,HARD,25,False,normal,0.5438508495653199,0.5053638221488786,0.5640578194793971,0.5518836907203458,0.48914351581877413,0.5028318050316823,Throttle,"['Throttle', 'Brake']",complex_multi_channel
2024,20,Mexico City Grand Prix,HUL,70,85.874,HARD,41,False,normal,0.5378633170369749,0.51463761631835,0.5972762201148504,0.5243577436889871,0.5084902213361693,0.5207824246155159,Throttle,"['Throttle', 'RPM']",engine_response
2024,20,Mexico City Grand Prix,STR,54,81.684,HARD,29,False,normal,0.5419771074879548,0.5269098855856775,0.6197995895083168,0.5678754012457232,0.49360808576362947,0.5660589757877322,Throttle,"['Throttle', 'Brake', 'nGear']",complex_multi_channel
2024,20,Mexico City Grand Prix,LAW,63,81.773,MEDIUM,24,False,normal,0.5433637083993738,0.5413057690630081,0.5758611762027697,0.5707729421482869,0.5116409517230556,0.5429032655457491,Throttle,"['Speed', 'Throttle', 'Brake', 'RPM']",complex_multi_channel
2024,20,Mexico City Grand Prix,PER,18,87.331,HARD,18,False,normal,0.5428679640613704,0.5104786106382585,0.5457888551463733,0.5735690154804776,0.551985415011611,0.5365386206688356,Brake,"['Brake', 'RPM']",complex_multi_channel
2024,21,São Paulo Grand Prix,VER,29,105.014,INTERMEDIATE,29,False,normal,0.5633041531911436,0.5683071696593138,0.662207764783027,0.5253677390752972,0.5272003522647002,0.5634514160206301,Throttle,"['Speed', 'Throttle', 'RPM', 'nGear']",complex_multi_channel
2024,21,São Paulo Grand Prix,GAS,29,102.264,INTERMEDIATE,29,False,normal,0.554510105593561,0.5497610618238752,0.6338075558763201,0.5216933877986674,0.518459270661524,0.5279235957851747,Throttle,"['Speed', 'Throttle', 'RPM']",power_unit
2024,21,São Paulo Grand Prix,PER,29,101.662,WET,7,False,normal,0.5558404126527465,0.5677648922179986,0.6292144009231809,0.5377114881484509,0.544174562270723,0.5118364904501855,Throttle,"['Speed', 'Throttle', 'Brake', 'RPM']",complex_multi_channel
2024,21,São Paulo Grand Prix,PER,43,92.206,INTERMEDIATE,11,False,normal,0.5535165867411808,0.5476098838873547,0.5909821390043221,0.5321811905724436,0.5415599569743017,0.5264196431174945,Throttle,"['Speed', 'Throttle', 'Brake', 'RPM']",complex_multi_channel
2024,21,São Paulo Grand Prix,ALO,16,88.626,INTERMEDIATE,16,False,normal,0.5673234007205685,0.5477395288737898,0.6146113874197505,0.5347545325159908,0.5177338029868357,0.5732350676400997,Throttle,"['Speed', 'Throttle', 'Brake', 'RPM', 'nGear']",complex_multi_channel
2024,21,São Paulo Grand Prix,ALO,29,105.422,INTERMEDIATE,5,False,normal,0.5638685861429608,0.5519273642560594,0.6679744062216355,0.5417923471681753,0.5227469797019975,0.5720802349875141,Throttle,"['Speed', 'Throttle', 'Brake', 'RPM', 'nGear']",complex_multi_channel
2024,21,São Paulo Grand Prix,ALO,43,113.466,INTERMEDIATE,11,False,normal,0.5905372969471432,0.5808060471457719,0.6345597420799103,0.5428617871158485,0.5959173999562892,0.566943878470559,Throttle,"['Speed', 'Throttle', 'Brake', 'RPM', 'nGear']",complex_multi_channel
2024,21,São Paulo Grand Prix,LEC,29,99.37,INTERMEDIATE,8,False,normal,0.5491842292062424,0.5291548781670412,0.6575923093510314,0.5329469904337847,0.5424217079746498,0.5370236094285367,Throttle,"['Throttle', 'Brake', 'RPM']",complex_multi_channel
2024,21,São Paulo Grand Prix,TSU,34,99.418,INTERMEDIATE,5,False,normal,0.554707817234009,0.5670507461740485,0.6003598843862294,0.551681119081503,0.5228255761285094,0.5754015539931748,Throttle,"['Speed', 'Throttle', 'Brake', 'RPM', 'nGear']",complex_multi_channel
2024,21,São Paulo Grand Prix,TSU,43,91.609,INTERMEDIATE,14,False,normal,0.5687663829741971,0.5614635025125077,0.5939254848879305,0.5716090303715086,0.534789645894492,0.55850084783427,Throttle,"['Speed', 'Throttle', 'Brake', 'RPM', 'nGear']",complex_multi_channel
2024,21,São Paulo Grand Prix,ZHO,4,88.172,INTERMEDIATE,4,False,normal,0.5378607732733994,0.5466011386331133,0.5510445603383224,0.5777750305393261,0.5316321200200824,0.5159934048581757,Brake,"['Speed', 'Brake', 'RPM']",complex_multi_channel
2024,21,São Paulo Grand Prix,ZHO,26,88.22,INTERMEDIATE,26,False,normal,0.5378637263526487,0.5373765000324904,0.5990220044709508,0.5547226570893482,0.5243044004623304,0.5289573261624207,Throttle,"['Throttle', 'Brake', 'RPM']",complex_multi_channel
2024,21,São Paulo Grand Prix,ZHO,43,94.48,INTERMEDIATE,12,False,normal,0.5427815169109669,0.5640163867321476,0.6234639963829719,0.5885718331264888,0.5312488100977675,0.547278917482152,Throttle,"['Speed', 'Throttle', 'Brake', 'RPM', 'nGear']",complex_multi_channel
2024,21,São Paulo Grand Prix,HUL,4,87.959,INTERMEDIATE,4,False,normal,0.539102324694289,0.5348316767737159,0.56471293179468,0.5679399834312585,0.5327805631682341,0.4912334163482095,Brake,"['Throttle', 'Brake', 'RPM']",complex_multi_channel
2024,21,São Paulo Grand Prix,LAW,26,92.246,INTERMEDIATE,29,False,normal,0.576033864165947,0.5893431466161336,0.601361257493291,0.5610778959347027,0.5735762536968056,0.6092430363029155,nGear,"['Speed', 'Throttle', 'Brake', 'RPM', 'nGear']",complex_multi_channel
2024,21,São Paulo Grand Prix,LAW,34,99.368,INTERMEDIATE,5,False,normal,0.5469239715749054,0.5773279993298404,0.6101003050763937,0.5262884105494147,0.5197357171225668,0.5770550331939704,Throttle,"['Speed', 'Throttle', 'RPM', 'nGear']",complex_multi_channel
2024,21,São Paulo Grand Prix,LAW,35,92.634,INTERMEDIATE,6,False,normal,0.5377558069203211,0.5354027985715106,0.5557777219808185,0.5240564172046724,0.4884798939968252,0.5427527849287402,Throttle,['Throttle'],driver_error_or_ers
2024,21,São Paulo Grand Prix,LAW,43,90.558,INTERMEDIATE,14,False,normal,0.5372879900441795,0.5455984771925724,0.5663965413541748,0.5579746687104079,0.5216440358714723,0.56161143297145,Throttle,"['Speed', 'Throttle', 'Brake', 'RPM', 'nGear']",complex_multi_channel
2024,21,São Paulo Grand Prix,OCO,29,100.823,INTERMEDIATE,31,False,normal,0.5542746191781897,0.5415507437109625,0.6339049843930499,0.5583784018462012,0.5682168129238104,0.5258833408918182,Throttle,"['Speed', 'Throttle', 'Brake', 'RPM']",complex_multi_channel
2024,21,São Paulo Grand Prix,OCO,43,87.354,INTERMEDIATE,13,False,normal,0.5386416289514422,0.5318402955609227,0.558819037899693,0.5307440244466165,0.5501578718826038,0.5132921415224887,Throttle,"['Throttle', 'RPM']",engine_response
2024,21,São Paulo Grand Prix,NOR,34,96.887,INTERMEDIATE,6,False,normal,0.5596919648361934,0.5767536124273458,0.6334344230510041,0.5563394790261512,0.49810185232784415,0.5700745078523395,Throttle,"['Speed', 'Throttle', 'Brake', 'nGear']",complex_multi_channel
2024,21,São Paulo Grand Prix,NOR,43,91.039,INTERMEDIATE,15,False,normal,0.5605834592023653,0.56974058071306,0.6126042788544317,0.5591317281178597,0.4897358442811572,0.5817037674377308,Throttle,"['Speed', 'Throttle', 'Brake', 'nGear']",complex_multi_channel
2024,21,São Paulo Grand Prix,COL,23,88.291,INTERMEDIATE,23,False,normal,0.5430876899508232,0.5377452999406426,0.5825621128741931,0.5618652748957151,0.514429156256523,0.5122610098683363,Throttle,"['Throttle', 'Brake', 'RPM']",complex_multi_channel
2024,21,São Paulo Grand Prix,HAM,11,91.858,INTERMEDIATE,11,False,normal,0.5676947991933591,0.5595750847230075,0.6081726434692916,0.5308427233459433,0.533595791845981,0.5191952557963757,Throttle,"['Speed', 'Throttle', 'RPM']",power_unit
2024,21,São Paulo Grand Prix,HAM,29,105.316,INTERMEDIATE,2,False,normal,0.5536523905883746,0.5497415238458949,0.6606383442755893,0.5541732331764772,0.6216719858623756,0.5132749883854527,Throttle,"['Speed', 'Throttle', 'Brake', 'RPM']",complex_multi_channel
2024,21,São Paulo Grand Prix,HAM,34,97.691,INTERMEDIATE,2,False,normal,0.5464546563298723,0.559935140441637,0.6220334217239135,0.569813709636661,0.5581741949302617,0.5308778439533893,Throttle,"['Speed', 'Throttle', 'Brake', 'RPM']",complex_multi_channel
2024,21,São Paulo Grand Prix,HAM,43,94.637,INTERMEDIATE,11,False,normal,0.562419838917303,0.5760790963984599,0.5905420135129207,0.53824703327541,0.5312802004531846,0.5856871607690093,Throttle,"['Speed', 'Throttle', 'Brake', 'RPM', 'nGear']",complex_multi_channel
2024,21,São Paulo Grand Prix,BEA,4,92.155,INTERMEDIATE,4,False,normal,0.5432804840943072,0.5561815389358064,0.5788729870055696,0.5359758550974117,0.5277997857550243,0.5128239419262671,Throttle,"['Speed', 'Throttle', 'Brake', 'RPM']",complex_multi_channel
2024,21,São Paulo Grand Prix,BEA,29,103.986,INTERMEDIATE,2,False,normal,0.5378135741971607,0.5603793974720375,0.6311488830501689,0.49759937336834303,0.5080009401137413,0.5499832866370111,Throttle,"['Speed', 'Throttle', 'RPM', 'nGear']",complex_multi_channel
2024,21,São Paulo Grand Prix,BEA,35,91.578,INTERMEDIATE,3,False,normal,0.5405617212067995,0.5136408147820369,0.5875733286096393,0.615607990132933,0.5070353656593467,0.5409223955785168,Brake,"['Throttle', 'Brake']",complex_multi_channel
2024,21,São Paulo Grand Prix,BEA,36,107.937,INTERMEDIATE,4,False,normal,0.5920934216246941,0.5544847228934779,0.6068397871034586,0.5919307991328686,0.6111679384329951,0.5802830514465763,RPM,"['Speed', 'Throttle', 'Brake', 'RPM', 'nGear']",complex_multi_channel
2024,21,São Paulo Grand Prix,BEA,37,91.737,INTERMEDIATE,5,False,normal,0.5392345103449937,0.5402480123888965,0.5965021527132867,0.5390602460030469,0.5435032938437382,0.5119335414225062,Throttle,"['Speed', 'Throttle', 'Brake', 'RPM']",complex_multi_channel
2024,21,São Paulo Grand Prix,BEA,43,92.19,INTERMEDIATE,11,False,normal,0.5460379435284054,0.5535774272039166,0.5794110193633317,0.533705849285543,0.5242900393646526,0.5735175679349214,Throttle,"['Speed', 'Throttle', 'Brake', 'RPM', 'nGear']",complex_multi_channel
2024,21,São Paulo Grand Prix,SAI,4,86.54,INTERMEDIATE,4,False,normal,0.5383230599648812,0.5549406930232935,0.5869088366784073,0.5683745896772562,0.5071302639841551,0.5271795839425157,Throttle,"['Speed', 'Throttle', 'Brake', 'RPM']",complex_multi_channel
2024,21,São Paulo Grand Prix,SAI,22,87.774,INTERMEDIATE,22,False,normal,0.5405734498504989,0.5254244993711885,0.5654889276179105,0.5728096178364179,0.5163138279170554,0.5301966653801107,Brake,"['Throttle', 'Brake', 'RPM']",complex_multi_channel
2024,21,São Paulo Grand Prix,SAI,29,102.131,INTERMEDIATE,2,False,normal,0.5389583562291609,0.5521442878282398,0.6227617386420491,0.5101835558070336,0.5309046908673828,0.5378927357776877,Throttle,"['Speed', 'Throttle', 'RPM']",power_unit
2024,21,São Paulo Grand Prix,SAI,34,100.313,INTERMEDIATE,2,False,normal,0.5465155439572132,0.544905116819784,0.6376770332309019,0.5688082525118561,0.5026586814681453,0.5795941176185584,Throttle,"['Speed', 'Throttle', 'Brake', 'nGear']",complex_multi_channel
2024,21,São Paulo Grand Prix,RUS,34,95.067,INTERMEDIATE,5,False,normal,0.5439287612000329,0.5670219184559637,0.6228106150778425,0.5600759009821853,0.5420077916373097,0.5427145901750415,Throttle,"['Speed', 'Throttle', 'Brake', 'RPM']",complex_multi_channel
2024,21,São Paulo Grand Prix,RUS,43,89.684,INTERMEDIATE,14,False,normal,0.5484281224499317,0.5469939825434803,0.593797959071644,0.5323246045406074,0.5315064586721807,0.5353798713454907,Throttle,"['Speed', 'Throttle', 'Brake', 'RPM']",complex_multi_channel
2024,21,São Paulo Grand Prix,BOT,12,89.257,INTERMEDIATE,12,False,normal,0.5396799774683689,0.5329047947928892,0.5646526960302294,0.5369982852476969,0.5706982543699021,0.4848056826326123,RPM,"['Throttle', 'Brake', 'RPM']",complex_multi_channel
2024,21,São Paulo Grand Prix,BOT,29,110.114,INTERMEDIATE,29,False,normal,0.5723783056490198,0.5539314886314801,0.6717222468313534,0.5569915562937805,0.5919151140818293,0.5612304606159835,Throttle,"['Speed', 'Throttle', 'Brake', 'RPM', 'nGear']",complex_multi_channel
2024,21,São Paulo Grand Prix,BOT,34,100.982,INTERMEDIATE,2,False,normal,0.5549969861067668,0.5729206588004965,0.6553583933592234,0.5708347534913729,0.5405712359222292,0.5712818993169595,Throttle,"['Speed', 'Throttle', 'Brake', 'RPM', 'nGear']",complex_multi_channel
2024,21,São Paulo Grand Prix,BOT,35,95.37,INTERMEDIATE,3,False,normal,0.5412108659723109,0.5292559165873508,0.5869175736585686,0.5680900519840949,0.5483516850243513,0.5461202977992885,Throttle,"['Throttle', 'Brake', 'RPM']",complex_multi_channel
2024,21,São Paulo Grand Prix,BOT,54,84.444,INTERMEDIATE,22,False,normal,0.5432826036812298,0.5225431363087641,0.5285397830225357,0.6599954952385552,0.5370405299977516,0.4946914091731667,Brake,"['Brake', 'RPM']",complex_multi_channel
2024,21,São Paulo Grand Prix,PIA,26,88.032,INTERMEDIATE,29,False,normal,0.5551624923414346,0.5561711133599277,0.6150054271076629,0.526765664241463,0.5062516725333629,0.549441262907808,Throttle,"['Speed', 'Throttle', 'nGear']",complex_multi_channel
2024,21,São Paulo Grand Prix,PIA,29,101.078,INTERMEDIATE,6,False,normal,0.5529607371140466,0.5366985927201446,0.6763041090545098,0.5177184561119251,0.5478847101826172,0.5383200284440871,Throttle,"['Throttle', 'RPM']",engine_response
2024,21,São Paulo Grand Prix,PIA,34,98.248,INTERMEDIATE,4,False,normal,0.5461514198095537,0.565667048407298,0.6047365237902959,0.5505271975569505,0.5007553533951525,0.5796862963538211,Throttle,"['Speed', 'Throttle', 'Brake', 'nGear']",complex_multi_channel
2024,21,São Paulo Grand Prix,PIA,43,89.836,INTERMEDIATE,13,False,normal,0.5540579753422045,0.5508876804415945,0.5930667546891484,0.5040682501003311,0.49192906811239595,0.5928362223607958,Throttle,"['Speed', 'Throttle', 'nGear']",complex_multi_channel
2024,22,Las Vegas Grand Prix,HAM,2,100.033,MEDIUM,2,False,normal,0.5383358745116676,0.5375226943159875,0.5234669864324003,0.5177448613183366,0.5023996503372109,0.5564702283010388,nGear,['nGear'],gearbox
2024,22,Las Vegas Grand Prix,HAM,3,99.403,MEDIUM,3,False,normal,0.55069908552468,0.5629747949920391,0.5419845957508913,0.5174659533340802,0.4931438429046269,0.5695850921608037,nGear,"['Speed', 'nGear']",complex_multi_channel
2024,22,Las Vegas Grand Prix,HAM,6,98.648,MEDIUM,6,False,normal,0.5406113102213047,0.5517779371399983,0.5430545257860366,0.5101845515483142,0.4950734314111801,0.5630924867685327,nGear,"['Speed', 'nGear']",complex_multi_channel
2024,22,Las Vegas Grand Prix,HAM,8,99.095,MEDIUM,8,False,normal,0.539207444605265,0.539830750871116,0.5191839242913981,0.49537200868660186,0.5144160067711995,0.5276270241418876,Speed,"['Speed', 'RPM']",drivetrain
2024,22,Las Vegas Grand Prix,HAM,9,100.926,MEDIUM,9,False,normal,0.5371645652813338,0.5492499088810117,0.5217648693213834,0.5205078411072621,0.47929881268521884,0.5698036095574959,nGear,"['Speed', 'nGear']",complex_multi_channel
2024,22,Las Vegas Grand Prix,HAM,44,95.662,HARD,18,False,normal,0.5403300010925718,0.5792689938945128,0.5243131883683918,0.4902049277103995,0.48010368817093635,0.5526685137361214,Speed,"['Speed', 'nGear']",complex_multi_channel
2024,22,Las Vegas Grand Prix,HAM,49,97.593,HARD,23,False,normal,0.5429620878900233,0.5686728475658669,0.5338174275557898,0.5222894817903138,0.512014238467956,0.5780063941117263,nGear,"['Speed', 'RPM', 'nGear']",drivetrain_gearbox
2024,22,Las Vegas Grand Prix,SAI,27,101.611,HARD,17,False,normal,0.551785087212801,0.5610640717296229,0.5492267491196806,0.5137274069080584,0.4916384972634225,0.5512270950566337,Speed,"['Speed', 'nGear']",complex_multi_channel
2024,22,Las Vegas Grand Prix,SAI,49,96.467,HARD,21,False,normal,0.5410019885602935,0.5742547688988631,0.5595869676090595,0.4966355440685908,0.5226540483827194,0.5565516013162617,Speed,"['Speed', 'Throttle', 'RPM', 'nGear']",complex_multi_channel
2024,22,Las Vegas Grand Prix,NOR,12,99.909,HARD,3,False,normal,0.537946433971249,0.5675356918048613,0.5720711529620744,0.48761467791218965,0.49224746663491786,0.5490541391932096,Throttle,"['Speed', 'Throttle', 'nGear']",complex_multi_channel
2024,22,Las Vegas Grand Prix,PIA,7,100.118,MEDIUM,7,False,normal,0.5456924096809396,0.5306994970686687,0.5370237264656267,0.6065418220861228,0.47937197961388217,0.5111280615921268,Brake,['Brake'],brake_system
2024,22,Las Vegas Grand Prix,HUL,25,98.705,HARD,11,False,normal,0.5385996066128078,0.574101831674469,0.5217392649521462,0.49541693295473993,0.4957312755485387,0.5474855613619493,Speed,"['Speed', 'nGear']",complex_multi_channel
2024,22,Las Vegas Grand Prix,ALO,14,99.368,HARD,11,False,normal,0.5435291142253011,0.5500728402863477,0.5530591080621726,0.4952051147907952,0.48311403194870145,0.5376837553616499,Throttle,['Speed'],traffic_or_off_track
2024,22,Las Vegas Grand Prix,ALO,15,102.232,HARD,12,False,normal,0.5388980195152919,0.5409107043370054,0.5764767855350847,0.48785926417878883,0.4922143851688257,0.5274449974504763,Throttle,"['Speed', 'Throttle']",complex_multi_channel
2024,22,Las Vegas Grand Prix,ALO,16,101.595,HARD,13,False,normal,0.5479638573658925,0.5851484901933333,0.581520631948127,0.5187409288252813,0.4967449216593861,0.5648466158147681,Speed,"['Speed', 'Throttle', 'nGear']",complex_multi_channel
2024,22,Las Vegas Grand Prix,ALO,17,100.366,HARD,14,False,normal,0.5435059172447956,0.5470310288883037,0.5607784139994041,0.49715881571953835,0.4986931371219888,0.5646972237576209,nGear,"['Speed', 'Throttle', 'nGear']",complex_multi_channel
2024,22,Las Vegas Grand Prix,ALO,45,98.527,HARD,22,False,normal,0.5400824028225444,0.5423575112780229,0.5472233011596853,0.4879492577339285,0.49449040344110257,0.5537536293556168,nGear,"['Speed', 'nGear']",complex_multi_channel
2024,22,Las Vegas Grand Prix,MAG,7,100.623,MEDIUM,7,False,normal,0.5432266658934515,0.5284888474935932,0.5178446451501114,0.5448530956852832,0.48165257358464164,0.5350851149899004,Brake,['Brake'],brake_system
2024,22,Las Vegas Grand Prix,MAG,12,101.935,MEDIUM,12,False,normal,0.5396595843059956,0.5357236101048232,0.5176271212422955,0.576283095091597,0.496802152072322,0.5314064311051222,Brake,['Brake'],brake_system
2024,22,Las Vegas Grand Prix,MAG,19,99.918,HARD,2,False,normal,0.546191709743854,0.5311338822090653,0.5239942196744924,0.5547999264938326,0.49470409464136544,0.5143032635246753,Brake,['Brake'],brake_system
2024,22,Las Vegas Grand Prix,MAG,38,99.44,HARD,21,False,normal,0.5393655625747165,0.5592427169630542,0.5150848999305926,0.46147144520711036,0.5218508191412947,0.5592060587443576,Speed,"['Speed', 'RPM', 'nGear']",drivetrain_gearbox
2024,22,Las Vegas Grand Prix,ZHO,3,99.399,MEDIUM,4,False,normal,0.5586020049751513,0.5557523260166711,0.5254603019688651,0.5900325837812831,0.5060467786012343,0.562993489092869,Brake,"['Speed', 'Brake', 'nGear']",complex_multi_channel
2024,22,Las Vegas Grand Prix,ZHO,15,98.978,HARD,5,False,normal,0.5373341549037803,0.557458024429656,0.5206362556359949,0.48267893562797576,0.4942787240441188,0.5370082715474067,Speed,['Speed'],traffic_or_off_track
2024,22,Las Vegas Grand Prix,ZHO,18,98.902,HARD,8,False,normal,0.5371607921925812,0.5495187330233833,0.5187904156590633,0.5053420581959482,0.5112506674201788,0.5562356494620148,nGear,"['Speed', 'RPM', 'nGear']",drivetrain_gearbox
2024,22,Las Vegas Grand Prix,ZHO,48,96.609,HARD,14,False,normal,0.537146563658095,0.5565163136178493,0.491768618057184,0.49616351996462615,0.48548168856373153,0.5405839711449777,Speed,['Speed'],traffic_or_off_track
2024,22,Las Vegas Grand Prix,COL,2,102.181,HARD,2,False,normal,0.5521288666723785,0.562016756574023,0.6043639505926497,0.5475723837979762,0.5287810379967406,0.571599911693344,Throttle,"['Speed', 'Throttle', 'Brake', 'RPM', 'nGear']",complex_multi_channel
2024,22,Las Vegas Grand Prix,COL,3,101.198,HARD,3,False,normal,0.5426140945219302,0.5403430591112993,0.5540535370520667,0.5005688627494825,0.5323906920771443,0.5346919615975564,Throttle,"['Speed', 'RPM']",drivetrain
2024,22,Las Vegas Grand Prix,COL,10,99.335,HARD,10,False,normal,0.5418147873536231,0.538464630473863,0.5231935646100115,0.5019186729100503,0.5067851918900833,0.5254908790023612,Speed,['Speed'],traffic_or_off_track
2024,22,Las Vegas Grand Prix,COL,11,100.973,HARD,11,False,normal,0.5513484170375117,0.5597751351687557,0.5701713051822729,0.49712015602220855,0.5189093836408211,0.5446097530005232,Throttle,"['Speed', 'Throttle', 'RPM']",power_unit
2024,22,Las Vegas Grand Prix,COL,12,102.436,HARD,12,False,normal,0.5433116098434628,0.5655704966922821,0.5500039408966773,0.5322336427949291,0.5097523288054694,0.5573896330079939,Speed,"['Speed', 'Brake', 'RPM', 'nGear']",complex_multi_channel
2024,22,Las Vegas Grand Prix,COL,13,102.309,HARD,13,False,normal,0.5385322641053567,0.5521133791823728,0.5622802560442973,0.5179533725285977,0.5124590181195651,0.5466525383084982,Throttle,"['Speed', 'Throttle', 'RPM', 'nGear']",complex_multi_channel
2024,22,Las Vegas Grand Prix,COL,14,102.135,HARD,14,False,normal,0.5470205516253535,0.5744285483558785,0.5360599704574054,0.5339523642324989,0.5185234840649824,0.5612100257704022,Speed,"['Speed', 'Brake', 'RPM', 'nGear']",complex_multi_channel
2024,22,Las Vegas Grand Prix,COL,15,102.397,HARD,15,False,normal,0.5380045800289764,0.538080700269103,0.5323541091773343,0.4836971098692245,0.503141681496492,0.5192140348551553,Speed,['Speed'],traffic_or_off_track
2024,22,Las Vegas Grand Prix,COL,38,98.55,HARD,12,False,normal,0.5414148698098575,0.5620020838179454,0.5441184033965734,0.4761394851915655,0.5203725894298418,0.5471874555607822,Speed,"['Speed', 'RPM', 'nGear']",drivetrain_gearbox
2024,22,Las Vegas Grand Prix,STR,3,100.483,MEDIUM,4,False,normal,0.5379980068198376,0.5364394483060412,0.5624932017926108,0.48326657232312326,0.48708300411985045,0.5471541497693613,Throttle,"['Throttle', 'nGear']",complex_multi_channel
2024,22,Las Vegas Grand Prix,STR,5,99.447,MEDIUM,6,False,normal,0.5383997190768146,0.5348318304945734,0.5449420119477265,0.48677183908688526,0.49136161494411,0.5228337090536409,Throttle,['Throttle'],driver_error_or_ers
2024,22,Las Vegas Grand Prix,STR,12,99.976,HARD,4,False,normal,0.5379818041916646,0.5478665365846457,0.5757286931700173,0.510643096521053,0.4556519056151645,0.5698285088987136,Throttle,"['Speed', 'Throttle', 'nGear']",complex_multi_channel
2024,22,Las Vegas Grand Prix,STR,14,99.287,HARD,6,False,normal,0.5368204498492868,0.5517190141919631,0.5629861411664399,0.4885461957256363,0.4640316001536147,0.5483215498055207,Throttle,"['Speed', 'Throttle', 'nGear']",complex_multi_channel
2024,22,Las Vegas Grand Prix,STR,19,98.562,HARD,11,False,normal,0.5413342559015947,0.5213364031032347,0.544261732181231,0.47115861833496964,0.4763775418185979,0.5307381284689691,Throttle,['Throttle'],driver_error_or_ers
2024,22,Las Vegas Grand Prix,STR,22,98.545,HARD,14,False,normal,0.5448445771338422,0.5678507482837707,0.5748721209692718,0.5092060993509268,0.48494718869597253,0.5627138050248502,Throttle,"['Speed', 'Throttle', 'nGear']",complex_multi_channel
2024,22,Las Vegas Grand Prix,OCO,42,98.799,HARD,30,False,normal,0.5390456531701676,0.5335091655099393,0.5016002732975882,0.5133345233821611,0.4894071194542677,0.5384959897785229,nGear,['nGear'],gearbox
2024,22,Las Vegas Grand Prix,OCO,49,97.563,SOFT,4,False,normal,0.5373833987991694,0.5649858691895678,0.5593103382012349,0.5130678669981622,0.4692123279928439,0.5483682285431503,Speed,"['Speed', 'Throttle', 'nGear']",complex_multi_channel
2024,22,Las Vegas Grand Prix,BOT,4,100.459,HARD,4,False,normal,0.5415454751620699,0.5349575527851979,0.5455220010145108,0.48553993567579273,0.5098585663805039,0.530096241273726,Throttle,['RPM'],engine_anomaly
2024,22,Las Vegas Grand Prix,BOT,5,99.498,HARD,5,False,normal,0.5367048752966664,0.5346375076492517,0.5036971227056838,0.5034179315520416,0.567528213955146,0.547495781093806,RPM,"['RPM', 'nGear']",complex_multi_channel
2024,22,Las Vegas Grand Prix,BOT,6,99.75,HARD,6,False,normal,0.5379336402344285,0.5263244584856702,0.5002168089211493,0.5079341859974424,0.5268035270982131,0.5443650203485709,nGear,['RPM'],engine_anomaly
2024,22,Las Vegas Grand Prix,BOT,13,102.69,HARD,13,False,normal,0.5371212900765616,0.5608928014660701,0.5296416414220979,0.548043596078504,0.555353294384543,0.5571426034647663,Speed,"['Speed', 'Brake', 'RPM', 'nGear']",complex_multi_channel
2024,22,Las Vegas Grand Prix,BOT,14,102.256,HARD,14,False,normal,0.5469075021206916,0.5602196909732058,0.5404434779678268,0.5205213364452772,0.5618680056616477,0.5657960764916985,nGear,"['Speed', 'RPM', 'nGear']",drivetrain_gearbox
2024,22,Las Vegas Grand Prix,BOT,16,103.358,HARD,16,False,normal,0.542887789878957,0.5556745246627562,0.5189357363054866,0.5352961127966747,0.5407126125855743,0.5577346179789149,nGear,"['Speed', 'Brake', 'RPM', 'nGear']",complex_multi_channel
2024,22,Las Vegas Grand Prix,BOT,48,98.301,HARD,13,False,normal,0.5572103466694568,0.5541131410795695,0.5521273546851787,0.5123868188653399,0.501661474877149,0.562006245078349,nGear,"['Speed', 'nGear']",complex_multi_channel
2024,22,Las Vegas Grand Prix,BOT,49,98.738,HARD,14,False,normal,0.5380833212519001,0.5621556479938485,0.5152768646099221,0.5036222637818144,0.5154097127697203,0.5669022349932195,nGear,"['Speed', 'RPM', 'nGear']",drivetrain_gearbox
2024,22,Las Vegas Grand Prix,ALB,2,102.776,MEDIUM,2,False,normal,0.5485810109415982,0.55395298428327,0.6083373872782849,0.5199054053309746,0.5101458759823495,0.5794315922795681,Throttle,"['Speed', 'Throttle', 'RPM', 'nGear']",complex_multi_channel
2024,22,Las Vegas Grand Prix,ALB,3,100.535,MEDIUM,3,False,normal,0.5401346084216183,0.5329539979531542,0.5455243084108584,0.4852451289707668,0.5194971656628012,0.5460576928201711,nGear,['RPM'],engine_anomaly
2024,22,Las Vegas Grand Prix,ALB,4,100.351,MEDIUM,4,False,normal,0.5413964876428117,0.5197065612710906,0.5901041241891519,0.5003698334020736,0.47862889485993737,0.5343302816747206,Throttle,['Throttle'],driver_error_or_ers
2024,22,Las Vegas Grand Prix,ALB,6,98.803,MEDIUM,6,False,normal,0.5392813610948841,0.5385154443062269,0.5452504049392376,0.47353588116319273,0.4992445833884192,0.5515322914046901,nGear,"['Speed', 'nGear']",complex_multi_channel
2024,22,Las Vegas Grand Prix,ALB,15,98.866,HARD,6,False,normal,0.5376570268877545,0.5447871716683254,0.5455418381226427,0.5045421203259876,0.48236131891426015,0.5511070473042026,nGear,"['Speed', 'nGear']",complex_multi_channel
2024,22,Las Vegas Grand Prix,ALB,16,99.506,HARD,7,False,normal,0.5446922333966494,0.5514115271480126,0.5552009915442847,0.49698843296122464,0.5038895245562423,0.5176636877721281,Throttle,['Speed'],traffic_or_off_track
